"5f814ecc-0120-4485-bed9-1222adc44e24","5f814ecc--012-0-44-85-b-ed9-1222adc4"

"cb15cd79-bf1d-4074-930f-4fe5082c2e35","cb15cd79--bf1-d-40-74-9-30f-4fe5082c"

"12bf335c-7117-4e8f-860a-cd82cdee5b0e","12bf335c--711-7-4e-8f-8-60a-cd82cdee"

"6cd6c9b6-cda0-4e00-8ca0-82b3c545c8b1","6cd6c9b6--cda-0-4e-00-8-ca0-82b3c545"

"2f20b2bb-b6e6-4a5e-a847-5a4cd57129af","2f20b2bb--b6e-6-4a-5e-a-847-5a4cd571"

"536b1478-fd4c-46b4-9a02-4e9b59a4d78c","536b1478--fd4-c-46-b4-9-a02-4e9b59a4"

"bf2bc99c-5174-4742-9d8e-78c94b6ee577","bf2bc99c--517-4-47-42-9-d8e-78c94b6e"

"43851664-53c5-4afe-a105-16d435d62707","43851664--53c-5-4a-fe-a-105-16d435d6"

"e4f989f1-11c3-4670-b305-62af39a8047a","e4f989f1--11c-3-46-70-b-305-62af39a8"

"693733ee-b6c2-439e-be58-501967a9f071","693733ee--b6c-2-43-9e-b-e58-501967a9"

"8aacffda-5c61-4be9-b2db-0564c7e194c5","8aacffda--5c6-1-4b-e9-b-2db-0564c7e1"

"c64de993-ad1e-4095-8db2-3b7b9603bb5e","c64de993--ad1-e-40-95-8-db2-3b7b9603"

"7a64a9e8-e4bb-4c38-8409-04376dd00409","7a64a9e8--e4b-b-4c-38-8-409-04376dd0"

"02d4e9da-ce0c-4753-8fdf-181ebec034fe","02d4e9da--ce0-c-47-53-8-fdf-181ebec0"
"44fcb4d1-8034-4fa6-9d20-7b7ded1ddecd","44fcb4d1--803-4-4f-a6-9-d20-7b7ded1d"

"fdecc096-8682-44f7-abc7-af8faa6a6a66","fdecc096--868-2-44-f7-a-bc7-af8faa6a"

"b8ee0fa0-a26e-4244-ab3e-bf3a208f552c","b8ee0fa0--a26-e-42-44-a-b3e-bf3a208f"

"5571642d-2feb-41e5-8ed2-5c4ca6819e35","5571642d--2fe-b-41-e5-8-ed2-5c4ca681"

"7ca1ae70-2ab2-4a78-9c5f-1247cb843d09","7ca1ae70--2ab-2-4a-78-9-c5f-1247cb84"

"6a0b0769-1b04-46b8-b946-6318246dc897","6a0b0769--1b0-4-46-b8-b-946-6318246d"

"74e6ce0f-8a40-4914-888b-20cfd2aa5196","74e6ce0f--8a4-0-49-14-8-88b-20cfd2aa"

"00e9735c-873f-4e28-9497-56c70d623f5e","00e9735c--873-f-4e-28-9-497-56c70d62"

"6bbd1d87-8ff6-4e87-b389-b38f7ad0ca56","6bbd1d87--8ff-6-4e-87-b-389-b38f7ad0"

"2f7f8e41-128e-4ce7-a0f5-ae0f44f94099","2f7f8e41--128-e-4c-e7-a-0f5-ae0f44f9"

"e963b7f6-f98e-424e-8571-3ad73e57b5ed","e963b7f6--f98-e-42-4e-8-571-3ad73e57"

"1f4f50bc-8036-4f56-be2a-da62f9e18f2b","1f4f50bc--803-6-4f-56-b-e2a-da62f9e1"

"c181212b-f225-4aa3-9b33-31b12910f31d","c181212b--f22-5-4a-a3-9-b33-31b12910"

"5fa9431b-ebd0-4628-8029-9cfba0866ddd","5fa9431b--ebd-0-46-28-8-029-9cfba086"

"33877174-4f7b-4757-b4f3-e6c94ef0bd70","33877174--4f7-b-47-57-b-4f3-e6c94ef0"

"7f5e7627-0cd0-4ebe-8359-746fc823e1ca","7f5e7627--0cd-0-4e-be-8-359-746fc823"

"53ad5713-f209-4951-adee-3da923085b34","53ad5713--f20-9-49-51-a-dee-3da92308"

"b042b6fd-2d98-4f58-b357-86822bc30f32","b042b6fd--2d9-8-4f-58-b-357-86822bc3"

"34668386-81e4-48ab-be45-511e8796ff2b","34668386--81e-4-48-ab-b-e45-511e8796"

"a14e2185-3bae-4121-84b1-7bfb3a831cbd","a14e2185--3ba-e-41-21-8-4b1-7bfb3a83"

"3208d396-2e0e-4b08-bac2-32b2f8054920","3208d396--2e0-e-4b-08-b-ac2-32b2f805"

"ca22a756-9579-4284-a554-af0a9a405d79","ca22a756--957-9-42-84-a-554-af0a9a40"

"8211b67d-2deb-4e6f-bd86-d6acf867910e","8211b67d--2de-b-4e-6f-b-d86-d6acf867"

"29e3ecf6-dbe2-42b9-a160-247d179c4912","29e3ecf6--dbe-2-42-b9-a-160-247d179c"

"bd512dd1-c46d-4039-9b07-1f1944aa9d4c","bd512dd1--c46-d-40-39-9-b07-1f1944aa"

"ac1b8fe0-313b-4c67-a10a-539adb3bf031","ac1b8fe0--313-b-4c-67-a-10a-539adb3b"

"e02cd1b8-d8c1-4798-a0da-a670e403e533","e02cd1b8--d8c-1-47-98-a-0da-a670e403"

"c818be8e-b990-4ab0-8be3-124094cf7be7","c818be8e--b99-0-4a-b0-8-be3-124094cf"

"13804a98-d131-4177-8118-b724725f35c1","13804a98--d13-1-41-77-8-118-b724725f"

"12a60720-707a-49b5-a8e0-6902d3fb3363","12a60720--707-a-49-b5-a-8e0-6902d3fb"

"99814a39-988c-4276-bbf3-2e4983318d2e","99814a39--988-c-42-76-b-bf3-2e498331"

"4b8ad407-f8df-446e-b74b-71eea6e885c1","4b8ad407--f8d-f-44-6e-b-74b-71eea6e8"

"38afe7d6-23c1-4b8b-82f5-2bedda7a0d28","38afe7d6--23c-1-4b-8b-8-2f5-2bedda7a"

"6599b0ac-2ac3-45cf-b6c9-a622fe48d466","6599b0ac--2ac-3-45-cf-b-6c9-a622fe48"

"ef4aa359-1945-4c96-9987-5f0f21334b61","ef4aa359--194-5-4c-96-9-987-5f0f2133"

"05779584-7f7f-433a-a323-f5f8c65d9cd1","05779584--7f7-f-43-3a-a-323-f5f8c65d"

"343966b6-d0ef-4b4b-a232-66e24c174808","343966b6--d0e-f-4b-4b-a-232-66e24c17"

"f756a51b-2823-4853-b731-d4d1731875c2","f756a51b--282-3-48-53-b-731-d4d17318"

"e1a55c76-a3ae-4d73-b08b-840c7476368c","e1a55c76--a3a-e-4d-73-b-08b-840c7476"

"8e701f47-713a-48a2-bc55-1ae1b68883ad","8e701f47--713-a-48-a2-b-c55-1ae1b688"

"4f467024-7764-47c6-9f46-108d638ea628","4f467024--776-4-47-c6-9-f46-108d638e"

"0faad592-db73-4e6c-88bc-4bd7f7d55b32","0faad592--db7-3-4e-6c-8-8bc-4bd7f7d5"

"60975c13-e79e-48d9-b27e-abfbd6afde61","60975c13--e79-e-48-d9-b-27e-abfbd6af"

"f5c69211-dd63-47d2-9f11-0964cc8ed097","f5c69211--dd6-3-47-d2-9-f11-0964cc8e"

"1fe98f4e-e0c5-4db5-a110-fcbd163040a3","1fe98f4e--e0c-5-4d-b5-a-110-fcbd1630"

"50e81c08-ce89-4700-91ff-e3fde8b906af","50e81c08--ce8-9-47-00-9-1ff-e3fde8b9"

"4b258fb1-3368-4c6f-b587-504d4598a0b5","4b258fb1--336-8-4c-6f-b-587-504d4598"

"e8776d24-2f33-41b3-868f-830e0eb797fb","e8776d24--2f3-3-41-b3-8-68f-830e0eb7"

"e7aa057b-ea29-4cb7-ba91-8891455362f3","e7aa057b--ea2-9-4c-b7-b-a91-88914553"

"f22fd2d1-d3ba-4c29-bbe4-74becd6a156a","f22fd2d1--d3b-a-4c-29-b-be4-74becd6a"

"a8bec3ab-34ac-4be8-a599-244389fff050","a8bec3ab--34a-c-4b-e8-a-599-244389ff"

"39484671-bb68-4724-a796-78beddbcc7aa","39484671--bb6-8-47-24-a-796-78beddbc"

"f08f200c-9a92-4029-b28e-146bd92a33cd","f08f200c--9a9-2-40-29-b-28e-146bd92a"

"7118b63a-38d0-4c89-be30-69d2bb2b3614","7118b63a--38d-0-4c-89-b-e30-69d2bb2b"

"d20b69de-4523-4136-b375-d2e912b0eb3e","d20b69de--452-3-41-36-b-375-d2e912b0"

"000afe7e-0222-4d49-a16d-cdb0d9898ed7","000afe7e--022-2-4d-49-a-16d-cdb0d989"

"7eb43783-5406-4f75-b751-0afbb9f378f5","7eb43783--540-6-4f-75-b-751-0afbb9f3"

"63f29046-8ee2-4724-8866-58b8a032b87e","63f29046--8ee-2-47-24-8-866-58b8a032"

"a674c7f5-f2f1-4fb5-b48f-b101dc480648","a674c7f5--f2f-1-4f-b5-b-48f-b101dc48"

"e2737f05-b0d1-4e44-b5ed-618125fa6cc3","e2737f05--b0d-1-4e-44-b-5ed-618125fa"

"58f79fec-c614-4fac-bcd0-bbafbb0ac94c","58f79fec--c61-4-4f-ac-b-cd0-bbafbb0a"

"bb9f0a5f-5942-48d5-8726-dbe0d0a69336","bb9f0a5f--594-2-48-d5-8-726-dbe0d0a6"

"af566814-a0d5-4925-bda0-d6dae6ab15e7","af566814--a0d-5-49-25-b-da0-d6dae6ab"

"bdb7377d-daaa-40c7-9b59-d2318fc48242","bdb7377d--daa-a-40-c7-9-b59-d2318fc4"

"cba5094c-9f80-4df6-bdfb-51e0fc193509","cba5094c--9f8-0-4d-f6-b-dfb-51e0fc19"

"a5c23f63-526a-4817-9f05-cc0604d6fc7c","a5c23f63--526-a-48-17-9-f05-cc0604d6"

"14369aa7-4a36-4b5f-9b94-1e04f21366d5","14369aa7--4a3-6-4b-5f-9-b94-1e04f213"

"4671483d-6f50-4089-bf07-06ba06aa1e2d","4671483d--6f5-0-40-89-b-f07-06ba06aa"

"cb5876c1-29c8-4db3-98ae-34e8b50b2530","cb5876c1--29c-8-4d-b3-9-8ae-34e8b50b"

"938b41a0-10be-4f58-992f-fcad1b02e09a","938b41a0--10b-e-4f-58-9-92f-fcad1b02"

"6b777297-9c22-43e5-a40a-e6a01b0db4f7","6b777297--9c2-2-43-e5-a-40a-e6a01b0d"

"6a025b60-103e-4925-83dd-f05d658b6b40","6a025b60--103-e-49-25-8-3dd-f05d658b"

"f3e9a687-2be2-44d1-87d5-1c287655db40","f3e9a687--2be-2-44-d1-8-7d5-1c287655"

"8d780a2a-0f83-437c-9337-2abfe1c33ea7","8d780a2a--0f8-3-43-7c-9-337-2abfe1c3"

"4063b533-ddf1-467e-acdc-e0906074d45e","4063b533--ddf-1-46-7e-a-cdc-e0906074"

"570b0ac2-5466-4b33-ba81-d7bcb7cb1409","570b0ac2--546-6-4b-33-b-a81-d7bcb7cb"

"3b449661-d30a-4ba6-9e98-022ece9fba3a","3b449661--d30-a-4b-a6-9-e98-022ece9f"

"893debb7-0b1e-4a5d-bb6b-613af44f0f50","893debb7--0b1-e-4a-5d-b-b6b-613af44f"

"20baad2f-8949-4aab-9200-ace1ba17ea8b","20baad2f--894-9-4a-ab-9-200-ace1ba17"

"79d197e3-1387-4334-8366-1f542c527174","79d197e3--138-7-43-34-8-366-1f542c52"

"c51c7fdd-1305-4de7-8e05-eb825715839a","c51c7fdd--130-5-4d-e7-8-e05-eb825715"

"e38612d3-01e6-43fc-be68-c6933f09279a","e38612d3--01e-6-43-fc-b-e68-c6933f09"

"0ac4c1b7-f853-4a43-88c2-05bcec91ce3d","0ac4c1b7--f85-3-4a-43-8-8c2-05bcec91"

"87de4cfa-4dc9-4875-a1a1-36fa33c8d20b","87de4cfa--4dc-9-48-75-a-1a1-36fa33c8"

"29d1f108-1a33-4612-87de-0429cd4c075e","29d1f108--1a3-3-46-12-8-7de-0429cd4c"

"fa8fdb06-d767-47e6-b764-2b4355d40b10","fa8fdb06--d76-7-47-e6-b-764-2b4355d4"

"9b9097b3-5a56-4d3c-906f-1232ef1e3b06","9b9097b3--5a5-6-4d-3c-9-06f-1232ef1e"

"bcdaca1b-9cea-40a7-bf4b-4a8fb114ce6f","bcdaca1b--9ce-a-40-a7-b-f4b-4a8fb114"

"d5b09aec-bc64-433a-a06b-8f089d97648c","d5b09aec--bc6-4-43-3a-a-06b-8f089d97"

"187827a5-1d18-4dfb-b0c8-befacada3d9f","187827a5--1d1-8-4d-fb-b-0c8-befacada"

"0a3ce68c-5a1a-4125-9484-8e33034fe160","0a3ce68c--5a1-a-41-25-9-484-8e33034f"

"14abe9c7-dfc2-4b14-9714-d1c216ea9ba0","14abe9c7--dfc-2-4b-14-9-714-d1c216ea"

"9b43fb23-c174-4595-b118-4df06ac43989","9b43fb23--c17-4-45-95-b-118-4df06ac4"

"459b4bde-d7cd-4f88-be1b-a6daa8a5e665","459b4bde--d7c-d-4f-88-b-e1b-a6daa8a5"

"88cf36cb-2a70-4527-9b63-9f580fbf81ca","88cf36cb--2a7-0-45-27-9-b63-9f580fbf"

"a0bd1b9d-6811-49d4-be1a-d4ca0b0a6156","a0bd1b9d--681-1-49-d4-b-e1a-d4ca0b0a"

"5ac93d07-960b-4b95-ad1b-46f92c86c11b","5ac93d07--960-b-4b-95-a-d1b-46f92c86"

"f52d00c0-31d5-439c-b728-0a579a1acb5f","f52d00c0--31d-5-43-9c-b-728-0a579a1a"

"35548725-bd3b-49c2-b11d-70921db76c0c","35548725--bd3-b-49-c2-b-11d-70921db7"

"f8db41af-17ba-424d-bda8-76a255bfb8bc","f8db41af--17b-a-42-4d-b-da8-76a255bf"

"8db71fe1-9922-48c8-8984-c88a5c8498e7","8db71fe1--992-2-48-c8-8-984-c88a5c84"

"90feae94-6e34-4d07-8763-c57579658502","90feae94--6e3-4-4d-07-8-763-c5757965"

"fa2cee43-cffb-41f4-a02f-24ab8e7874b7","fa2cee43--cff-b-41-f4-a-02f-24ab8e78"

"0f97d9d1-148c-468b-ba27-49d962fe6770","0f97d9d1--148-c-46-8b-b-a27-49d962fe"

"dd669507-264a-403c-85c2-24044a4e0e65","dd669507--264-a-40-3c-8-5c2-24044a4e"

"68bbda60-963d-4acc-8fe7-2a37e5db7520","68bbda60--963-d-4a-cc-8-fe7-2a37e5db"

"b23f48a0-48c0-4fcc-ba65-bc1dd323ebbf","b23f48a0--48c-0-4f-cc-b-a65-bc1dd323"

"35b052c5-e022-4664-8299-5034d7a497f1","35b052c5--e02-2-46-64-8-299-5034d7a4"

"c1e399d3-a086-4941-ba9a-5ac7e2d86fd2","c1e399d3--a08-6-49-41-b-a9a-5ac7e2d8"

"cd7231fd-4228-4c1b-99aa-e4153de4f0e9","cd7231fd--422-8-4c-1b-9-9aa-e4153de4"

"5c084963-7adf-488a-861e-600725b9bce9","5c084963--7ad-f-48-8a-8-61e-600725b9"

"b80882d4-bcfc-4116-94ad-c3040a05f81c","b80882d4--bcf-c-41-16-9-4ad-c3040a05"

"5ff97c09-4c00-48e7-9e50-29830f026887","5ff97c09--4c0-0-48-e7-9-e50-29830f02"

"bac56d45-ec3c-4279-b94e-ec833c0d2783","bac56d45--ec3-c-42-79-b-94e-ec833c0d"

"6f5d2867-418f-489d-b895-bcc9db2a657e","6f5d2867--418-f-48-9d-b-895-bcc9db2a"

"f8815e7d-5b9d-4ed7-9503-5660721344cc","f8815e7d--5b9-d-4e-d7-9-503-56607213"

"ba2b98cf-1526-415b-8de9-d45a96dfeb8d","ba2b98cf--152-6-41-5b-8-de9-d45a96df"

"50f3db59-7f29-4bc6-a305-b8864ff65046","50f3db59--7f2-9-4b-c6-a-305-b8864ff6"

"ed8edd6d-0ead-45a1-82c3-15ba90126ce0","ed8edd6d--0ea-d-45-a1-8-2c3-15ba9012"

"16f0d64f-c832-4f23-ba9a-f083e1106735","16f0d64f--c83-2-4f-23-b-a9a-f083e110"

"eefae730-9c5b-4378-9539-7868a2b9de38","eefae730--9c5-b-43-78-9-539-7868a2b9"

"1e27863b-00a3-4e83-8e65-87a7fe86f55d","1e27863b--00a-3-4e-83-8-e65-87a7fe86"

"014d6c61-29be-402f-b603-be356f5b3cce","014d6c61--29b-e-40-2f-b-603-be356f5b"

"55dc1ff0-4496-41bb-9e13-78c188ccec07","55dc1ff0--449-6-41-bb-9-e13-78c188cc"

"a3c46753-f51f-41ae-bfce-ee74d01a090d","a3c46753--f51-f-41-ae-b-fce-ee74d01a"

"3ef3cbfa-8db5-427b-851c-b7829df331e5","3ef3cbfa--8db-5-42-7b-8-51c-b7829df3"

"feb92a06-4db9-4974-92bd-738b7b85642d","feb92a06--4db-9-49-74-9-2bd-738b7b85"

"d0affd71-0c1b-42e0-9217-d665939f53a0","d0affd71--0c1-b-42-e0-9-217-d665939f"

"c8422e18-aca8-41cb-befc-870e75ae28b2","c8422e18--aca-8-41-cb-b-efc-870e75ae"

"10c12fa9-1957-4746-85d8-ddcce21a85e2","10c12fa9--195-7-47-46-8-5d8-ddcce21a"

"8784d4e6-512c-4485-a88a-f568e4d15839","8784d4e6--512-c-44-85-a-88a-f568e4d1"

"e6ca60d9-3ac2-4543-8f45-8869e42485f3","e6ca60d9--3ac-2-45-43-8-f45-8869e424"

"bfb04bd2-09b5-4180-a866-500ce37515d8","bfb04bd2--09b-5-41-80-a-866-500ce375"

"7f2b05bb-3fc2-42ab-85af-77d51cf73b6e","7f2b05bb--3fc-2-42-ab-8-5af-77d51cf7"

"dd98ccb9-4d98-4b3c-9d20-57c884676206","dd98ccb9--4d9-8-4b-3c-9-d20-57c88467"

"a6c7b20e-c853-4995-8d5b-471a9a1239bd","a6c7b20e--c85-3-49-95-8-d5b-471a9a12"
